variable,mean,median,sd,mad,q5,q95,rhat,ess_bulk,ess_tail
CLintHat,1408.92926,1403.61,123.527662410624,117.71844,1226.138,1614.6485,1.00869942706725,218.68918196828,344.589099847332
KbBR,4.95231201,4.930955,0.939324610310831,0.963208155,3.5025395,6.5413755,1.0022511523231,998.106649600987,548.777947476818
KbMU,1.75119954,1.74394,0.170417708250269,0.175940142,1.4800845,2.0343775,1.00112134819722,957.933768228981,760.267237596926
KbAD,10.31627388,10.30505,0.687329141443911,0.701440299,9.263354,11.45777,1.00076327831984,1261.36235780788,871.593977340291
KbBO,1.064131446,1.038945,0.232063576795951,0.2117938578,0.7453192,1.49173,1.00733732288304,1152.83446660334,721.864869928941
KbRB,1.804738694,1.7805,0.365588742850952,0.352755018,1.2455715,2.4400405,1.00688334824827,1688.07776625352,659.731882133581
sigma,0.320887616,0.3202285,0.0146680071087072,0.0150291162,0.2989639,0.347003,1.00407740155912,1419.05829639408,834.475833617523
omega[1],0.357712498,0.3455645,0.0721469019536217,0.0659645805,0.25738985,0.50145935,1.00109758975969,296.984351287329,411.024778303738
