variable,mean,median,sd,mad,q5,q95,rhat,ess_bulk,ess_tail,ess_bulk_N,ess_tail_N
σ,0.32070463160203,0.320455315256321,0.0149192949732025,0.0148296617955508,0.297472050616411,0.34648342196821,1.00099382019959,1111.94986442342,746.038489599954,1.11194986442342,0.746038489599954
ĈLint,1394.46378165627,1385.70489796849,117.786747132158,115.491077173123,1210.36650483738,1596.76544628472,1.00039364716037,285.42202466806,449.716041736566,0.28542202466806,0.449716041736566
KbBR,4.91802867723168,4.86493046011816,0.902755824412491,0.933938238866652,3.50529209096011,6.41168836652013,1.0003888663331,1453.92606597838,718.61639319999,1.45392606597838,0.71861639319999
KbMU,1.753698858981,1.74880035283973,0.166926215183201,0.167693986564528,1.49268078424825,2.02691577502759,1.00120481749119,953.346723354664,725.783808924556,0.953346723354664,0.725783808924556
KbAD,10.3385428402316,10.282143693824,0.67877044238448,0.685210633825557,9.32343823448417,11.4884967885572,0.999308214494255,923.30534338209,674.305997764835,0.92330534338209,0.674305997764835
KbBO,1.06415567788545,1.04312523513944,0.219928786932401,0.213802426758351,0.753710329995466,1.46495053790899,0.999168430274907,1075.14451658157,525.907152839584,1.07514451658157,0.525907152839584
KbRB,1.80209410068244,1.78221808318184,0.373934851957101,0.379028791819004,1.24661729545632,2.44307929468611,1.00029349906025,952.409095843232,711.697454833999,0.952409095843232,0.711697454833999
ω,0.359799030426603,0.349704195188854,0.0684796389450657,0.062719403551577,0.26405297112208,0.481032912929657,1.00086223297757,324.359599944866,434.398475616313,0.324359599944866,0.434398475616313
